id,text,label,notes
wc26_001,France could overload Iraq's right side if the fullback overlaps while the winger moves inside toward the half-space.,match_analysis,clear example
wc26_002,"Brazil did not dominate possession, but their best chances came from the left half-space where the fullback kept underlapping instead of overlapping.",match_analysis,clear example
wc26_003,South Africa's draw with Czechia showed better rest-defense; they kept two midfielders behind the ball before attacking.,match_analysis,clear example
wc26_004,The crowd noise is unreal.,emotional_reaction,clear example
wc26_005,"The third-place race rewards goal difference, so late goals in unrelated matches can change another team's tournament future.",tournament_context,clear example
wc26_006,Brazil are winning the whole thing easily.,unsupported_hot_take,clear example
wc26_007,Curacao getting a point proves this tournament is pure chaos.,unsupported_hot_take,clear example
wc26_008,No way he saved that.,emotional_reaction,clear example
wc26_009,Iran's counterattacks were dangerous because New Zealand's fullbacks pushed at the same time and left both channels exposed.,match_analysis,clear example
wc26_010,The United States hosting most knockout games means travel logistics could become a hidden advantage for teams based there.,tournament_context,clear example
wc26_011,Ecuador are boring and will not survive the knockouts.,unsupported_hot_take,clear example
wc26_012,"Travel distance is not just a fan complaint; it can affect training time, recovery, and tactical preparation.",tournament_context,clear example
wc26_013,Scotland struggled to progress because Haiti pressed the first pass into midfield and forced rushed long balls toward isolated forwards.,match_analysis,clear example
wc26_014,"The expanded format helps smaller nations, but it also makes the group stage harder for casual fans to follow.",tournament_context,clear example
wc26_015,Playing summer matches in hot cities makes hydration breaks and squad depth more important than in cooler tournaments.,tournament_context,clear example
wc26_016,Canada's wide overloads were the difference; Qatar kept leaving the far-side winger open when the ball switched quickly.,match_analysis,clear example
wc26_017,"Expanded qualification means more debut stories, and those stories are a major reason the 2026 format is interesting.",tournament_context,clear example
wc26_018,Germany are back and nobody can stop them now.,unsupported_hot_take,clear example
wc26_019,Senegal need to deny Norway clean crosses because Haaland is almost impossible to handle if the service is uncontested.,match_analysis,clear example
wc26_020,This is cinema.,emotional_reaction,clear example
wc26_021,Norway are just Haaland and vibes.,unsupported_hot_take,clear example
wc26_022,Belgium's problem was tempo: they circulated the ball slowly enough for Iran to reset their block every time.,match_analysis,clear example
wc26_023,South Africa are going to shock Mexico next time.,unsupported_hot_take,clear example
wc26_024,Mexico controlled the first half by keeping the fullbacks high and pinning South Africa's wingers too deep to counter.,match_analysis,clear example
wc26_025,"Croatia's midfield still keeps possession well, but they struggled whenever England attacked before the block could get set.",match_analysis,clear example
wc26_026,A team with four points may still worry about advancement because the best-third-place race depends on results in other groups.,tournament_context,clear example
wc26_027,England beat Croatia's press by using one-touch passes through the third man rather than trying to dribble out centrally.,match_analysis,clear example
wc26_028,Senegal are being massively underrated by everyone.,unsupported_hot_take,clear example
wc26_029,That first touch was filthy.,emotional_reaction,clear example
wc26_030,This match is pure chaos.,emotional_reaction,clear example
wc26_031,France will walk through this group without trying.,unsupported_hot_take,clear example
wc26_032,That goal deserved a better camera angle.,emotional_reaction,clear example
wc26_033,Scotland always find a way to disappoint.,unsupported_hot_take,clear example
wc26_034,What are we even watching?,emotional_reaction,clear example
wc26_035,I feel bad for every defender involved.,emotional_reaction,clear example
wc26_036,Australia are just physical and nothing else.,unsupported_hot_take,clear example
wc26_037,This keeper is a superhero.,emotional_reaction,clear example
wc26_038,That was the loudest I have heard this crowd.,emotional_reaction,clear example
wc26_039,"The Round of 32 means a favorite can survive one bad group result, which changes the risk of early upsets.",tournament_context,clear example
wc26_040,Egypt's pressing triggers are clear: they jump when the opponent plays backward to the fullback.,match_analysis,clear example
wc26_041,"Tunisia could not handle Japan's rotations because the winger, fullback, and midfielder kept swapping lanes on the right side.",match_analysis,clear example
wc26_042,"Give me penalties, I want maximum drama.",emotional_reaction,clear example
wc26_043,The USA's press worked because the front three angled their runs to force Paraguay into the touchline instead of letting them play through midfield.,match_analysis,clear tactical reasoning: match_analysis
wc26_044,Egypt are going to win Group G somehow.,unsupported_hot_take,clear example
wc26_045,Brazil can beat Scotland if they pull the defensive midfielder wide and open passing lanes into the forwards.,match_analysis,clear example
wc26_046,"The tournament is more global with 48 teams, but the match calendar is also more crowded than past World Cups.",tournament_context,clear example
wc26_047,"A bigger World Cup gives more countries representation, which is valuable even if some early matches are uneven.",tournament_context,clear example
wc26_048,I cannot believe that just happened.,emotional_reaction,clear example
wc26_049,Croatia's golden generation is done for good.,unsupported_hot_take,clear example
wc26_050,Japan are dark horses and I am not hearing arguments.,unsupported_hot_take,clear example
wc26_051,Qatar are done already.,unsupported_hot_take,clear example
wc26_052,Please survive these last ten minutes.,emotional_reaction,clear example
wc26_053,England will choke again because that is just what England do.,unsupported_hot_take,clear example
wc26_054,That was so close I almost yelled at work.,emotional_reaction,clear example
wc26_055,This ref is killing me.,emotional_reaction,emotional referee complaint with no evidence: emotional_reaction
wc26_056,The group draw affects travel almost as much as competitive difficulty because some teams may move across regions more often.,tournament_context,clear example
wc26_057,I jumped off the couch.,emotional_reaction,clear example
wc26_058,Fans need clearer explanations of the third-place ranking table because the qualification path is not obvious anymore.,tournament_context,clear example
wc26_059,"Host cities with NFL stadiums can hold huge crowds, but transportation around those venues matters just as much as capacity.",tournament_context,clear example
wc26_060,A 48-team tournament changes expectations: reaching the knockouts is not the same achievement as it was in a 32-team field.,tournament_context,clear example
wc26_061,Peak World Cup nonsense.,emotional_reaction,clear example
wc26_062,Some teams may rotate heavily in the third group match if four points are likely to be enough for advancement.,tournament_context,clear example
wc26_063,That celebration gave me chills.,emotional_reaction,clear example
wc26_064,Ecuador failed to break down Curaçao because their wide players kept crossing from deep instead of reaching the end line.,match_analysis,clear example
wc26_065,"Having matches across the U.S., Mexico, and Canada is exciting, but the travel schedule could create unfair rest differences.",tournament_context,clear example
wc26_066,The tournament should publish simple bracket explainers because the best-third-place system confuses even regular soccer fans.,tournament_context,clear example
wc26_067,Absolute scenes in the stadium.,emotional_reaction,clear example
wc26_068,Spain's draw made sense tactically because Cape Verde stayed compact and denied the quick cutbacks Spain normally wants.,match_analysis,clear example
wc26_069,Argentina are washed and everyone knows they are going home early.,unsupported_hot_take,clear example
wc26_070,Group-stage final matches at the same time are necessary to reduce manipulation when advancement scenarios are connected.,tournament_context,clear example
wc26_071,The 48-team format makes the third-place table a major storyline because teams in later groups can know the exact target before kickoff.,tournament_context,clear example
wc26_072,The stadium is absolutely rocking.,emotional_reaction,clear example
wc26_073,DR Congo are going to bully Colombia.,unsupported_hot_take,clear example
wc26_074,The tournament format makes data graphics and standings tables more important because people need help tracking qualification scenarios.,tournament_context,clear example
wc26_075,Argentina were more dangerous when Messi drifted right because Austria's left back had to choose between him and the overlapping runner.,match_analysis,clear example
wc26_076,"Cape Verde are this year's miracle team, guaranteed.",unsupported_hot_take,clear example
wc26_077,"The group stage has more games, so match importance depends heavily on the standings situation before kickoff.",tournament_context,clear example
wc26_078,The nerves are unbearable.,emotional_reaction,clear example
wc26_079,"Ghana will beat England, book it.",unsupported_hot_take,clear example
wc26_080,Uruguay against Spain will hinge on whether Uruguay can disrupt Spain's first pass from the center backs.,match_analysis,clear example
wc26_081,"The schedule favors fans who can travel regionally, but following one team across three countries is still expensive.",tournament_context,clear example
wc26_082,South Korea looked dangerous whenever their No. 10 received between the lines because Czechia's double pivot was too slow to step forward.,match_analysis,clear example
wc26_083,Spain are frauds after that draw.,unsupported_hot_take,clear example
wc26_084,England should attack Ghana through quick switches because Ghana's block shifts slowly when the ball moves side to side.,match_analysis,clear example
wc26_085,Switzerland are the most annoying team in the tournament and will somehow go far.,unsupported_hot_take,clear example
wc26_086,Bosnia have no chance against any serious opponent.,unsupported_hot_take,clear example
wc26_087,Unbelievable scenes.,emotional_reaction,clear example
wc26_088,"Full-time whistle, finally, I can breathe.",emotional_reaction,clear example
wc26_089,Switzerland punished Bosnia by targeting the space between the outside center back and wingback.,match_analysis,clear example
wc26_090,The Netherlands created more after halftime because Japan's midfield stopped tracking the late runner at the top of the box.,match_analysis,clear example
wc26_091,Colombia are going to embarrass Portugal.,unsupported_hot_take,clear example
wc26_092,I love group-stage chaos.,emotional_reaction,clear example
wc26_093,"Scheduling matches across so many cities makes the event feel massive, but it also spreads fan culture instead of concentrating it.",tournament_context,clear example
wc26_094,"Broadcast windows are clearly designed for multiple markets, but some match times are rough for European and Asian viewers.",tournament_context,clear example
wc26_095,I am done with this team.,emotional_reaction,clear example
wc26_096,Someone check on the goalkeeper.,emotional_reaction,clear example
wc26_097,"Germany's center backs were stepping into midfield without pressure, which is why Curaçao kept getting stretched vertically.",match_analysis,clear example
wc26_098,Weather delays should be part of tournament planning because summer storms in several U.S. cities can affect kickoff times.,tournament_context,clear example
wc26_099,This is why the World Cup is undefeated.,emotional_reaction,clear example
wc26_100,"Paraguay are better than the scoreline says, trust me.",unsupported_hot_take,unsupported claim without evidence: unsupported_hot_take
wc26_101,Football is ridiculous.,emotional_reaction,clear example
wc26_102,The third group match changes tactics because teams that only need a draw may sit deeper and avoid risky buildup.,match_analysis,borderline tournament context vs match analysis; labeled match_analysis because it explains tactical behavior
wc26_103,The new structure means finishing first in the group may be much more valuable because it can produce a cleaner knockout path.,tournament_context,clear example
wc26_104,WHAT A GOAL!!!,emotional_reaction,clear example
wc26_105,Mexico's narrow win over South Korea came from controlling transition moments more than dominating open play.,match_analysis,clear example
wc26_106,Belgium are finished as a serious team.,unsupported_hot_take,clear example
wc26_107,This game has everything.,emotional_reaction,clear example
wc26_108,"If a team qualifies from third place, its knockout opponent could depend on a complicated bracket rule that many fans will not understand.",tournament_context,clear example
wc26_109,"The host-city spread is great for North America, but cross-country flights between games could affect recovery and fan costs.",tournament_context,clear example
wc26_110,The World Cup being hosted by three countries makes border travel and visa planning part of the fan discussion.,tournament_context,clear example
wc26_111,"Ivory Coast are better than Germany, people just do not want to admit it.",unsupported_hot_take,clear example
wc26_112,Final group games should be watched with the third-place table open because one result can move several teams around.,tournament_context,clear example
wc26_113,"Morocco's mid-block was effective because the center backs refused to chase Brazil's false nine, so there was no gap behind them.",match_analysis,clear example
wc26_114,I am laughing but also stressed.,emotional_reaction,clear example
wc26_115,Morocco are still the team nobody wants to face.,unsupported_hot_take,clear example
wc26_116,England's best moments came when the fullback inverted and gave them a 3v2 in midfield against Croatia.,match_analysis,clear example
wc26_117,Morocco versus Haiti could be decided by whether Haiti can stop the early pass into the left winger's feet.,match_analysis,clear example
wc26_118,"For communities like r/soccer, standings context will be as important as match context because so many scenarios overlap.",tournament_context,clear example
wc26_119,The USA looked more stable after the substitution because the fresh midfielder stopped Australia's second balls around the center circle.,match_analysis,clear example
wc26_120,"Ticket access is part of the World Cup experience, not just a side issue, because local fans can get priced out of their own host cities.",tournament_context,borderline emotional complaint vs context; labeled tournament_context because it gives broader reasoning
wc26_121,"Third-place tiebreakers involving cards could make discipline a tournament-wide issue, not just a match-by-match detail.",tournament_context,clear tournament structure/context
wc26_122,That miss physically hurt me.,emotional_reaction,clear example
wc26_123,The commentator just lost his mind.,emotional_reaction,clear example
wc26_124,"The best thing about the larger field is seeing countries like Cape Verde, Curaçao, Jordan, and Uzbekistan on the world stage.",tournament_context,clear example
wc26_125,That was beautiful football.,emotional_reaction,clear example
wc26_126,I have no words.,emotional_reaction,clear example
wc26_127,I need this match to calm down.,emotional_reaction,clear example
wc26_128,"The host-city mix creates different playing environments, from altitude in Mexico to humid summer nights in parts of the U.S.",tournament_context,clear example
wc26_129,South Korea are carrying Group A entertainment by themselves.,unsupported_hot_take,clear example
wc26_130,Turkey are the most chaotic team here and that is why they will advance.,unsupported_hot_take,clear example
wc26_131,"Ghana's defensive shape was narrow, which helped them protect the box but left space for Panama to cross early.",match_analysis,clear example
wc26_132,Mexico opening the tournament at home gives Group A a special atmosphere that neutral venues would not have.,tournament_context,clear example
wc26_133,My heart cannot take another group stage like this.,emotional_reaction,clear example
wc26_134,Canada hosting matches matters beyond soccer because it brings the men's World Cup to cities that rarely get this scale of event.,tournament_context,clear example
wc26_135,"The 104-match schedule gives broadcasters more content, but it may also cause tournament fatigue for neutral viewers.",tournament_context,clear example
wc26_136,A team could play well and still get a bad knockout draw because advancement depends on results from completely different groups.,tournament_context,clear example
wc26_137,Uruguay are not scary anymore.,unsupported_hot_take,clear example
wc26_138,Panama should not even be in this conversation.,unsupported_hot_take,clear example
wc26_139,"For fans attending in person, kickoff time matters because a 10 p.m. local match changes transit and safety planning.",tournament_context,clear example
wc26_140,Canada are secretly better than every team in Group B.,unsupported_hot_take,clear example
wc26_141,Saudi Arabia will not get another point.,unsupported_hot_take,clear example
wc26_142,Czechia are too slow for this level.,unsupported_hot_take,clear example
wc26_143,The Round of 32 changes the group stage because finishing third can still be enough if your goal difference holds up.,tournament_context,clear example
wc26_144,I just aged five years.,emotional_reaction,clear example
wc26_145,That tackle was terrifying.,emotional_reaction,clear example
wc26_146,Argentina's buildup was calm because Messi kept dropping into the right half-space and creating a temporary midfield overload.,match_analysis,clear example
wc26_147,Iraq will shock France today.,unsupported_hot_take,clear example
wc26_148,The memes from this game will be legendary.,emotional_reaction,clear example
wc26_149,"The schedule creates long days of soccer, which is great for fans but difficult for people trying to watch every match live.",tournament_context,clear example
wc26_150,Colombia's transition threat is real because their midfielders release the winger before the opponent can counter-press.,match_analysis,clear example
wc26_151,I am screaming at my TV right now.,emotional_reaction,clear example
wc26_152,The expanded World Cup ruined the level of play.,unsupported_hot_take,borderline tournament topic vs hot take; labeled unsupported_hot_take because no supporting reasoning
wc26_153,Egypt's comeback started when they pushed a second player next to the striker and forced New Zealand's center backs to defend forward runs.,match_analysis,clear example
wc26_154,Belgium need more runners beyond the striker; otherwise their possession turns into harmless sideways passing.,match_analysis,clear example
wc26_155,Algeria are sleeping giants and everyone will find out soon.,unsupported_hot_take,clear example
wc26_156,"A 32-team knockout stage sounds familiar, but the path to reach it is much more complicated than the old format.",tournament_context,clear example
wc26_157,The refs are all terrible this tournament.,unsupported_hot_take,clear example
wc26_158,"Portugal's draw exposed a buildup issue: the center backs had the ball, but nobody checked into midfield to receive on the turn.",match_analysis,clear example
wc26_159,New Zealand are completely outmatched.,unsupported_hot_take,clear example
wc26_160,Sweden's high line was punished by the Netherlands because they left too much space for runners behind the center backs.,match_analysis,clear example
wc26_161,This thread is going to explode.,emotional_reaction,clear example
wc26_162,"The fan experience will vary a lot by city because public transit, hotel prices, and stadium location are completely different.",tournament_context,clear example
wc26_163,"Germany's seven goals came from repeated overloads near the box, not just bad goalkeeping from Curaçao.",match_analysis,clear example
wc26_164,Jordan have no business being here.,unsupported_hot_take,clear example
wc26_165,Uruguay looked predictable when both wingers stayed wide; they needed one forward dropping short to pull the Saudi center backs out.,match_analysis,clear example
wc26_166,"The expanded field gives debut teams a real platform, which is one of the best parts of this tournament format.",tournament_context,clear example
wc26_167,Please no more VAR drama.,emotional_reaction,clear example
wc26_168,My bracket is already dead.,emotional_reaction,clear example
wc26_169,That was a disaster.,emotional_reaction,clear example
wc26_170,Every big team looks scared this year.,unsupported_hot_take,clear example
wc26_171,I am not okay.,emotional_reaction,clear example
wc26_172,That red card changed the mood instantly.,emotional_reaction,borderline match event vs reaction; labeled emotional_reaction because it does not explain tactical effect
wc26_173,I need a replay immediately.,emotional_reaction,clear example
wc26_174,The vibes are immaculate.,emotional_reaction,clear example
wc26_175,The downside of 12 groups is that comparing third-place teams across different schedules will always feel messy.,tournament_context,clear example
wc26_176,Colombia's press looked organized because the striker curved his run to block the pass back across the defensive line.,match_analysis,clear example
wc26_177,Uzbekistan are better than Portugal right now.,unsupported_hot_take,clear example
wc26_178,Norway kept finding Haaland because Senegal's center backs were too deep and the midfield line gave the passer time.,match_analysis,clear example
wc26_179,Mexico are only winning because they are at home.,unsupported_hot_take,clear example
wc26_180,Austria are quietly better than Argentina.,unsupported_hot_take,clear example
wc26_181,Japan's 4-0 was not only finishing variance; Tunisia gave them too much space behind the defensive line after turnovers.,match_analysis,clear example
wc26_182,"The new format creates more knockout matches, which is great for drama but also means more games where teams play cautiously.",tournament_context,clear example
wc26_183,"Austria pressed aggressively, but Jordan escaped pressure by using quick third-man passes instead of dribbling out.",match_analysis,clear example
wc26_184,Portugal have zero chance if they keep playing like this.,unsupported_hot_take,clear example
wc26_185,Sweden are completely fake contenders.,unsupported_hot_take,clear example
wc26_186,Paraguay were not just unlucky; they lost control because Turkey started pressing their deepest midfielder from both sides.,match_analysis,clear example
wc26_187,Ivory Coast defended well until Ecuador started targeting the channel behind the right back with early diagonal balls.,match_analysis,clear example
wc26_188,"The group-stage schedule is brutal for fans in some time zones, especially when late games finish after midnight on the East Coast.",tournament_context,clear example
wc26_189,Haiti are not ready for World Cup speed.,unsupported_hot_take,clear example
wc26_190,France's spacing improved once the left winger held the touchline because it opened the inside lane for Mbappé.,match_analysis,clear example
wc26_191,This tournament already clears 2022 and it is not close.,unsupported_hot_take,clear example
wc26_192,The opening match at Estadio Azteca adds historical weight because that stadium is tied to iconic World Cup moments.,tournament_context,clear example
wc26_193,"Spain scored early because Saudi Arabia's back line dropped while the midfield stepped up, leaving a huge pocket between the lines.",match_analysis,clear example
wc26_194,Iran are impossible to watch but somehow effective.,unsupported_hot_take,clear example
wc26_195,"Portugal were slow because both holding midfielders received facing their own goal, so Colombia could trap them immediately.",match_analysis,clear example
wc26_196,"Belgium had plenty of possession, but Egypt's low block forced them into crosses instead of central combinations.",match_analysis,clear example
wc26_197,I hate this sport and I love this sport.,emotional_reaction,clear example
wc26_198,"The USA is the most overrated team in the tournament, no debate.",unsupported_hot_take,clear example
wc26_199,Canada's 6-0 was built on ball recovery; they kept winning possession within five seconds of losing it.,match_analysis,clear example
wc26_200,"The host nations automatically qualifying increases local excitement, but it also changes the qualification picture for CONCACAF.",tournament_context,clear example
